{"cameraMode":{"drawMode":0,"name":"Shaded","section":"Shading Mode"},"sceneLighting":false,"audioPlay":false,"sceneViewState":{"showFog":true,"showMaterialUpdate":false,"showSkybox":true,"showFlares":true,"showImageEffects":true,"showParticleSystems":true},"in2DMode":false,"pivot":{"x":1.1084426641464234,"y":3.1730480194091799,"z":3.7993686199188234},"rotation":{"x":-0.2163388729095459,"y":0.08947817236185074,"z":-0.019915159791707994,"w":-0.9720066785812378},"size":0.9269267916679382,"orthographic":false}