{"cameraMode":{"drawMode":0,"name":"Shaded","section":"Shading Mode"},"sceneLighting":false,"audioPlay":false,"sceneViewState":{"showFog":true,"showMaterialUpdate":false,"showSkybox":true,"showFlares":true,"showImageEffects":true,"showParticleSystems":true},"in2DMode":false,"pivot":{"x":-1.0360822677612305,"y":-1.143073320388794,"z":8.65342903137207},"rotation":{"x":-0.1778174638748169,"y":0.02125139720737934,"z":-0.0038413633592426779,"w":-0.9838319420814514},"size":4.865084648132324,"orthographic":false}