{"cameraMode":{"drawMode":0,"name":"Shaded","section":"Shading Mode"},"sceneLighting":false,"audioPlay":false,"sceneViewState":{"showFog":true,"showMaterialUpdate":false,"showSkybox":false,"showFlares":true,"showImageEffects":true,"showParticleSystems":true},"in2DMode":false,"pivot":{"x":-65.19999694824219,"y":-4.693795680999756,"z":-37.332183837890628},"rotation":{"x":-0.3407169580459595,"y":0.3080105185508728,"z":-0.11922209709882736,"w":-0.880249559879303},"size":58.56448745727539,"orthographic":false}