{"cameraMode":{"drawMode":0,"name":"Shaded","section":"Shading Mode"},"sceneLighting":false,"audioPlay":false,"sceneViewState":{"showFog":true,"showMaterialUpdate":false,"showSkybox":true,"showFlares":true,"showImageEffects":true,"showParticleSystems":true},"in2DMode":false,"pivot":{"x":0.7546813488006592,"y":3.651258945465088,"z":6.356254577636719},"rotation":{"x":-0.2163388729095459,"y":0.08947817236185074,"z":-0.019915159791707994,"w":-0.9720066785812378},"size":2.646134376525879,"orthographic":false}